Workbook

Sheet Sheet1
A1: Start | B1: 33238 | D1: RHistory("RELI.NS",".Timestamp;.Close","START:01-Mar-2006 END:15-Apr-2019 INTERVAL:1D",,"TSREPEAT:NO NULL:SKIP CH:Fd") | R1: .NSEI
A2: End | B2: =TODAY() -> 46073 | D2: RHistory($C$3:$E$3,"TRDPRC_1.Timestamp;TRDPRC_1.Close","START:"&B$1&" END:"&B$2&" INTERVAL:1D",,"TSREPEAT:NO SORT:ASC NULL:SKIP ")
B3: Date | C3: .NSEI
B4: =_xll.RHistory($C$3,"TRDPRC_1.Timestamp;TRDPRC_1.Close","START:"&B$1&" END:"&B$2&" INTERVAL:1D",,"TSREPEAT:NO SORT:ASC NULL:SKIP ") -> 35006 | C4: 1000
B5: 35009 | C5: 988.92
B6: 35010 | C6: 978.22
B7: 35011 | C7: 964.01
B8: 35012 | C8: 953.07
B9: 35013 | C9: 948.82
B10: 35016 | C10: 917.26
B11: 35017 | C11: 902.56
B12: 35018 | C12: 913.21
B13: 35019 | C13: 904.08
B14: 35020 | C14: 898.86
B15: 35023 | C15: 892.79
B16: 35024 | C16: 876.59
... B7543: 46073 | C7543: 25571.25

Sheet Sheet2
A1: Start | B1: 33238
A2: End | B2: =TODAY() -> 46073
B3: Date | C3: .NSEI
B4: 35006 | C4: =IFERROR(VLOOKUP(B4,Sheet1!$B$4:$C$11717,2,0),C3) -> 1000
B5: =B4+1 -> 35007 | C5: =IFERROR(VLOOKUP(B5,Sheet1!$B$4:$C$11717,2,0),C4) -> 1000
B6: =B5+1 -> 35008 | C6: =IFERROR(VLOOKUP(B6,Sheet1!$B$4:$C$11717,2,0),C5) -> 1000
B7: =B6+1 -> 35009 | C7: =IFERROR(VLOOKUP(B7,Sheet1!$B$4:$C$11717,2,0),C6) -> 988.92
B8: =B7+1 -> 35010 | C8: =IFERROR(VLOOKUP(B8,Sheet1!$B$4:$C$11717,2,0),C7) -> 978.22
B9: =B8+1 -> 35011 | C9: =IFERROR(VLOOKUP(B9,Sheet1!$B$4:$C$11717,2,0),C8) -> 964.01
B10: =B9+1 -> 35012 | C10: =IFERROR(VLOOKUP(B10,Sheet1!$B$4:$C$11717,2,0),C9) -> 953.07
B11: =B10+1 -> 35013 | C11: =IFERROR(VLOOKUP(B11,Sheet1!$B$4:$C$11717,2,0),C10) -> 948.82
B12: =B11+1 -> 35014 | C12: =IFERROR(VLOOKUP(B12,Sheet1!$B$4:$C$11717,2,0),C11) -> 948.82
B13: =B12+1 -> 35015 | C13: =IFERROR(VLOOKUP(B13,Sheet1!$B$4:$C$11717,2,0),C12) -> 948.82
B14: =B13+1 -> 35016 | C14: =IFERROR(VLOOKUP(B14,Sheet1!$B$4:$C$11717,2,0),C13) -> 917.26
B15: =B14+1 -> 35017 | C15: =IFERROR(VLOOKUP(B15,Sheet1!$B$4:$C$11717,2,0),C14) -> 902.56
B16: =B15+1 -> 35018 | C16: =IFERROR(VLOOKUP(B16,Sheet1!$B$4:$C$11717,2,0),C15) -> 913.21
... B11071: =B11070+1 -> 46073 | C11071: =IFERROR(VLOOKUP(B11071,Sheet1!$B$4:$C$11717,2,0),C11070) -> 25571.25
